<?xml version="1.0" encoding="UTF-8"?>
<addon
  id="webinterface.nowplaying"
  version="1.0.0"
  name="NowPlaying"
  provider-name="Kabooga">
  <requires>
    <import addon="xbmc.json" version="6.0.0" />
  </requires>
  <extension
    point="xbmc.webinterface"/>
  <extension point="xbmc.addon.metadata">
    <summary lang="en">What is currently playing</summary>
    <description lang="en">A simple web page to show what is currently playing on Kodi</description>
    <platform>all</platform>
    <language>en</language>
    <source></source>
    <forum></forum>
  </extension>
</addon>

